shoulder,neck,spine,symmetry,label
91.00007412812204,31.71513351517742,171.86580930337794,11.192637618293134,good
90.99019882920378,29.318314017510666,174.97152303588751,6.960095550829834,good
90.74599663836963,44.29959748781332,158.00852572190715,27.575632953005368,poor
81.93675383430804,50.930027624170556,150.57463656286413,48.08962249194347,poor
89.14913513527028,32.35784767218769,173.25907925695682,9.789244509434127,good
